,instance_type,price,time,modified_ewma
0,c3.2xlarge,0.0968,58,0.0968
1,c3.2xlarge,0.4143,300,0.31905
2,c3.2xlarge,0.0968,342,0.25237499999999996
3,c3.2xlarge,0.1975,360,0.2139625
4,c3.2xlarge,0.1976,1078,0.20250875000000002
5,c3.2xlarge,0.0976,1380,0.171036125
6,c3.2xlarge,0.4142,1446,0.34125083749999996
7,c3.2xlarge,0.414,1620,0.36307558624999997
8,c3.2xlarge,0.0977,2210,0.283462910375
9,c3.2xlarge,0.0966,2220,0.2274040372625
10,c3.2xlarge,0.1976,2282,0.20654121117875002
11,c3.2xlarge,0.1977,2398,0.200352363353625
12,c3.2xlarge,0.1977,2598,0.1995566543475375
13,c3.2xlarge,0.1976,2670,0.19896965804327624
14,c3.2xlarge,0.0978,3660,0.16861876063029335
15,c3.2xlarge,0.0977,3742,0.14734313244120534
16,c3.2xlarge,0.0978,3890,0.1126629397323616
17,c3.2xlarge,0.0976,3960,0.10814405781265311
18,c3.2xlarge,0.1974,4020,0.17062321734379593
19,c3.2xlarge,0.1975,4082,0.18943696520313877
20,c3.2xlarge,0.1968,4248,0.19164587564219715
21,c3.2xlarge,0.4148,4304,0.34785376269265916
22,c3.2xlarge,0.0974,4620,0.2727176338848614
23,c3.2xlarge,0.4137,4746,0.3714052901654584
24,c3.2xlarge,0.4137,5966,0.38409370311582086
25,c3.2xlarge,0.414,5976,0.4050281109347462
26,c3.2xlarge,0.4144,5986,0.4115884332804238
27,c3.2xlarge,0.4147,5996,0.41376652998412716
28,c3.2xlarge,0.415,6007,0.41462995899523813
29,c3.2xlarge,0.4153,6012,0.41509898769857145
30,c3.2xlarge,0.4156,6022,0.41544969630957146
31,c3.2xlarge,0.4156,6546,0.41549478741670004
32,c3.2xlarge,0.0968,7243,0.31988635119169
33,c3.2xlarge,0.4149,7265,0.386395905357507
34,c3.2xlarge,0.415,7551,0.4064187716072521
35,c3.2xlarge,0.4149,7747,0.4089631401250764
36,c3.2xlarge,0.1969,7921,0.34534419808755346
37,c3.2xlarge,0.1968,8281,0.3007809386612874
38,c3.2xlarge,0.0967,8649,0.2395566570629012
39,c3.2xlarge,0.1968,8669,0.20962699711887037
40,c3.2xlarge,0.0968,8991,0.17577889798320923
41,c3.2xlarge,0.0967,9181,0.15205522858824644
42,c3.2xlarge,0.4156,9649,0.33653656857647396
43,c3.2xlarge,0.1968,9901,0.29461559800353176
44,c3.2xlarge,0.1977,9935,0.22677467940105953
45,c3.2xlarge,0.097,10503,0.18784227558074168
46,c3.2xlarge,0.1969,10565,0.1941826826742225
47,c3.2xlarge,0.097,10683,0.16502787787195572
48,c3.2xlarge,0.0969,10802,0.144589514510369
49,c3.2xlarge,0.4152,10841,0.33401685435311074
50,c3.2xlarge,0.0976,11046,0.2630917980471775
51,c3.2xlarge,0.0976,11160,0.21344425863302427
52,c3.2xlarge,0.1977,11182,0.20242327758990727
53,c3.2xlarge,0.1976,11760,0.2009762943129351
54,c3.2xlarge,0.0977,11882,0.16999340601905455
55,c3.2xlarge,0.4151,11944,0.3415680218057164
56,c3.2xlarge,0.4154,12064,0.3932504065417149
57,c3.2xlarge,0.4151,12844,0.3998052845792004
58,c3.2xlarge,0.4155,13084,0.4107915853737601
59,c3.2xlarge,0.0975,13382,0.31680410976163204
60,c3.2xlarge,0.4154,13444,0.3858212329284896
61,c3.2xlarge,0.1976,13708,0.32935486304994266
62,c3.2xlarge,0.0976,13771,0.25982840413495983
63,c3.2xlarge,0.415,13995,0.36844852124048794
64,c3.2xlarge,0.1975,14281,0.31716396486834153
65,c3.2xlarge,0.0976,14559,0.25129477540783907
66,c3.2xlarge,0.1975,14649,0.21363843262235171
67,c3.2xlarge,0.0968,14821,0.1785869028356462
68,c3.2xlarge,0.1975,14881,0.19182607085069386
69,c3.2xlarge,0.0969,15279,0.16334824959548572
70,c3.2xlarge,0.1969,15379,0.1868344748786457
71,c3.2xlarge,0.4152,16159,0.34669034246359376
72,c3.2xlarge,0.0976,16396,0.27196323972451564
73,c3.2xlarge,0.1975,16509,0.2198389719173547
74,c3.2xlarge,0.0976,16631,0.18316728034214827
75,c3.2xlarge,0.1975,16751,0.19320018410264447
76,c3.2xlarge,0.1969,17028,0.19431012887185112
77,c3.2xlarge,0.0975,17281,0.16526709021029576
78,c3.2xlarge,0.1968,17281,0.18734012706308872
79,c3.2xlarge,0.4149,18331,0.3466320381189266
80,c3.2xlarge,0.0968,18366,0.2716824266832486
81,c3.2xlarge,0.1976,18612,0.2198247280049746
82,c3.2xlarge,0.1968,18662,0.2129173096034822
83,c3.2xlarge,0.1969,18706,0.20170519288104466
84,c3.2xlarge,0.0977,18770,0.17050363501673124
85,c3.2xlarge,0.0968,18782,0.14839254451171185
86,c3.2xlarge,0.0967,19082,0.1328847811581983
87,c3.2xlarge,0.0968,19198,0.10762543434745948
88,c3.2xlarge,0.0967,19382,0.10434780404322162
89,c3.2xlarge,0.0968,19688,0.09906434121296648
90,c3.2xlarge,0.1976,19874,0.16803930236388995
91,c3.2xlarge,0.0977,19956,0.14693751165472296
92,c3.2xlarge,0.1968,19980,0.1818412534964169
93,c3.2xlarge,0.415,20169,0.345052376048925
94,c3.2xlarge,0.4149,20349,0.36600666323424746
95,c3.2xlarge,0.0975,21060,0.2854546642639732
96,c3.2xlarge,0.0976,21616,0.15395639927919197
97,c3.2xlarge,0.0977,21732,0.11457691978375759
98,c3.2xlarge,0.0976,21780,0.1094838438486303
99,c3.2xlarge,0.1966,21780,0.1704651531545891
100,c3.2xlarge,0.0967,22380,0.14833560720821237
101,c3.2xlarge,0.1977,22444,0.1828906821624637
102,c3.2xlarge,0.1966,22746,0.1870034775137246
103,c3.2xlarge,0.0976,22878,0.1601824342596072
104,c3.2xlarge,0.1967,23086,0.1857447302778822
105,c3.2xlarge,0.0968,23214,0.1590613111945175
106,c3.2xlarge,0.0976,23346,0.11603839335835525
107,c3.2xlarge,0.1966,23348,0.17243151800750656
108,c3.2xlarge,0.4148,23417,0.342089455402252
109,c3.2xlarge,0.0965,23646,0.26841261878157635
110,c3.2xlarge,0.1975,23648,0.21877378563447292
111,c3.2xlarge,0.1966,23660,0.21212164994413105
112,c3.2xlarge,0.4151,23733,0.3542064949832393
113,c3.2xlarge,0.415,23949,0.37244454648826747
114,c3.2xlarge,0.0976,26124,0.28999118254178724
115,c3.2xlarge,0.415,26752,0.37749735476253615
116,c3.2xlarge,0.415,27474,0.3887481483337753
117,c3.2xlarge,0.0975,27660,0.3013737038336427
118,c3.2xlarge,0.1976,28022,0.22873211115009284
119,c3.2xlarge,0.1975,29046,0.219362477805065
120,c3.2xlarge,0.0975,29080,0.18280373446354548
121,c3.2xlarge,0.415,29382,0.3453411203390636
122,c3.2xlarge,0.0967,29478,0.2707487842373445
123,c3.2xlarge,0.415,29564,0.37172463527120336
124,c3.2xlarge,0.1966,29646,0.31918724468984233
125,c3.2xlarge,0.0976,29646,0.2527110712828896
126,c3.2xlarge,0.0967,29971,0.2059077498980227
127,c3.2xlarge,0.0975,30361,0.1300223249694068
128,c3.2xlarge,0.1976,30367,0.17732669749082203
129,c3.2xlarge,0.0977,30454,0.1534386882435754
130,c3.2xlarge,0.1976,30547,0.18435160647307264
131,c3.2xlarge,0.1975,30600,0.18829612453115083
132,c3.2xlarge,0.1976,30827,0.19480883735934526
133,c3.2xlarge,0.1967,31095,0.19537618615154168
134,c3.2xlarge,0.1975,31147,0.19686285584546248
135,c3.2xlarge,0.1976,31150,0.19737885675363875
136,c3.2xlarge,0.0968,31245,0.1672051997275471
137,c3.2xlarge,0.1977,31255,0.1885515599182641
138,c3.2xlarge,0.1976,31381,0.19126609194278488
139,c3.2xlarge,0.0967,31801,0.16289626435994942
140,c3.2xlarge,0.0976,32417,0.11718887930798483
141,c3.2xlarge,0.1969,32571,0.17298666379239544
142,c3.2xlarge,0.0968,32821,0.15013066465467678
143,c3.2xlarge,0.0976,33373,0.11335919939640304
144,c3.2xlarge,0.1967,33481,0.17169775981892094
145,c3.2xlarge,0.0967,33781,0.14919843187324464
146,c3.2xlarge,0.1976,34611,0.1830795295619734
147,c3.2xlarge,0.1974,34981,0.18737567069338137
148,c3.2xlarge,0.1973,35047,0.19035296948536695
149,c3.2xlarge,0.415,35142,0.34760589084561005
150,c3.2xlarge,0.0967,35161,0.272334123591927
151,c3.2xlarge,0.4151,35272,0.3722702370775781
152,c3.2xlarge,0.4153,35814,0.40239107112327344
153,c3.2xlarge,0.0974,35879,0.3108937497862914
154,c3.2xlarge,0.1975,35953,0.23151812493588741
155,c3.2xlarge,0.0968,36137,0.19110268745512116
156,c3.2xlarge,0.4153,36176,0.3480408062365363
157,c3.2xlarge,0.1975,36543,0.3028785643655754
158,c3.2xlarge,0.1968,36605,0.2710549950559028
159,c3.2xlarge,0.1975,36847,0.21956649851677085
160,c3.2xlarge,0.0968,37249,0.18273654896173958
161,c3.2xlarge,0.4153,37870,0.34553096468852185
162,c3.2xlarge,0.4156,37878,0.39457928940655657
163,c3.2xlarge,0.4159,37892,0.409503786821967
164,c3.2xlarge,0.4162,37900,0.4141911360465901
165,c3.2xlarge,0.4165,37912,0.415807340813977
166,c3.2xlarge,0.4168,37920,0.4165022022441931
167,c3.2xlarge,0.4171,37932,0.41692066067325795
168,c3.2xlarge,0.4174,37942,0.4172561982019774
169,c3.2xlarge,0.4177,37954,0.41756685946059324
170,c3.2xlarge,0.418,37964,0.417870057838178
171,c3.2xlarge,0.4183,37976,0.41817101735145334
172,c3.2xlarge,0.4186,37986,0.418471305205436
173,c3.2xlarge,0.1974,38047,0.3521499136438052
174,c3.2xlarge,0.415,38118,0.39614497409314153
175,c3.2xlarge,0.0975,38235,0.30655148186519904
176,c3.2xlarge,0.4187,38284,0.38505544455955976
177,c3.2xlarge,0.4189,38701,0.40874663336786793
178,c3.2xlarge,0.4152,39065,0.41068264335750754
179,c3.2xlarge,0.1974,39181,0.34669785035025524
180,c3.2xlarge,0.4151,39246,0.3945793551050766
181,c3.2xlarge,0.1969,39413,0.3352755485735536
182,c3.2xlarge,0.419,39463,0.39388266457206605
183,c3.2xlarge,0.1975,39629,0.3349678652004462
184,c3.2xlarge,0.419,39703,0.3937903595601338
185,c3.2xlarge,0.097,39771,0.30475325169209366
186,c3.2xlarge,0.0969,39983,0.24239727618446555
187,c3.2xlarge,0.4152,40380,0.3633591828553397
188,c3.2xlarge,0.0976,40534,0.28363142799873775
189,c3.2xlarge,0.197,40534,0.22298942839962133
190,c3.2xlarge,0.0977,40718,0.18540259987973493
191,c3.2xlarge,0.0976,40746,0.15906181991581445
192,c3.2xlarge,0.419,40751,0.3410185459747443
193,c3.2xlarge,0.0977,41090,0.26802298218232096
194,c3.2xlarge,0.1978,41230,0.2188668946546963
195,c3.2xlarge,0.0976,41346,0.1824868262582874
196,c3.2xlarge,0.197,41348,0.19264604787748624
197,c3.2xlarge,0.4153,41501,0.34850381436324585
198,c3.2xlarge,0.1977,41504,0.30326267005427204
199,c3.2xlarge,0.4191,41611,0.3843488010162816
200,c3.2xlarge,0.4194,42629,0.4088846403048845
201,c3.2xlarge,0.0971,43578,0.3153492482134191
202,c3.2xlarge,0.4195,43763,0.3882547744640257
203,c3.2xlarge,0.4158,44789,0.39651834212481796
204,c3.2xlarge,0.4157,45397,0.4022728394873725
205,c3.2xlarge,0.4196,45699,0.41440185184621176
206,c3.2xlarge,0.4157,46451,0.4147912962923482
207,c3.2xlarge,0.4156,46751,0.41503390740464374
208,c3.2xlarge,0.4197,46991,0.41830017222139315
209,c3.2xlarge,0.4196,47053,0.4186901205549752
210,c3.2xlarge,0.4157,47113,0.4177930843884826
211,c3.2xlarge,0.0987,48149,0.3220651590719378
212,c3.2xlarge,0.1986,48302,0.23563954772158133
213,c3.2xlarge,0.1972,48483,0.22410768340510692
214,c3.2xlarge,0.0987,48483,0.18648537838357485
215,c3.2xlarge,0.0986,48616,0.16011976486850238
216,c3.2xlarge,0.1987,48736,0.1871259294605507
217,c3.2xlarge,0.0986,48780,0.16056815062238547
218,c3.2xlarge,0.4158,48861,0.33923044518671563
219,c3.2xlarge,0.1986,48980,0.2970413116307009
220,c3.2xlarge,0.0987,49211,0.2375389181414906
221,c3.2xlarge,0.4195,49267,0.3649116754424472
222,c3.2xlarge,0.0971,49502,0.284568172809713
223,c3.2xlarge,0.0972,49513,0.1534104518429139
224,c3.2xlarge,0.1971,49644,0.18399313555287417
225,c3.2xlarge,0.4194,49801,0.3487779406658622
226,c3.2xlarge,0.0987,50244,0.2737545584661035
227,c3.2xlarge,0.4158,50285,0.37318636753983103
228,c3.2xlarge,0.4192,51360,0.4053959102619493
229,c3.2xlarge,0.4192,51544,0.4095371371833645
230,c3.2xlarge,0.4155,52022,0.4113259960283551
231,c3.2xlarge,0.0986,52510,0.3175081972198486
232,c3.2xlarge,0.4191,52930,0.38862245916595456
233,c3.2xlarge,0.1972,53206,0.33119572141616815
234,c3.2xlarge,0.4155,53230,0.3902087164248504
235,c3.2xlarge,0.4154,53290,0.3977661014973953
236,c3.2xlarge,0.4152,54124,0.4029962710481767
237,c3.2xlarge,0.419,54428,0.414198881314453
238,c3.2xlarge,0.415,54548,0.4144392169201171
239,c3.2xlarge,0.197,54722,0.3492074518440819
240,c3.2xlarge,0.4189,54790,0.3979922355532246
241,c3.2xlarge,0.1976,55020,0.3378745648872572
242,c3.2xlarge,0.1977,55066,0.23975236946617717
243,c3.2xlarge,0.0976,55200,0.197106658626324
244,c3.2xlarge,0.098,55820,0.12773199758789722
245,c3.2xlarge,0.4149,56172,0.32874959927636915
246,c3.2xlarge,0.0979,56222,0.25949471949345837
247,c3.2xlarge,0.197,56644,0.2157484158480375
248,c3.2xlarge,0.4189,57124,0.35795452475441125
249,c3.2xlarge,0.4189,57304,0.37623816732808785
250,c3.2xlarge,0.1979,57720,0.32273671712966145
251,c3.2xlarge,0.4185,58032,0.38977101513889845
252,c3.2xlarge,0.4184,58204,0.39835971059722886
253,c3.2xlarge,0.1968,58262,0.33789179741806014
254,c3.2xlarge,0.0978,58382,0.2658642581926421
255,c3.2xlarge,0.0978,59100,0.21544498073484947
256,c3.2xlarge,0.4151,59256,0.35520349422045483
257,c3.2xlarge,0.4149,59462,0.37311244595431836
258,c3.2xlarge,0.1979,59520,0.32054871216802283
259,c3.2xlarge,0.1978,59796,0.28372409851761593
260,c3.2xlarge,0.4149,59946,0.37554722955528475
261,c3.2xlarge,0.1968,60360,0.3219230606886993
262,c3.2xlarge,0.4149,60454,0.38700691820660976
263,c3.2xlarge,0.1977,60480,0.3302148427446268
264,c3.2xlarge,0.4146,61324,0.389284452823388
265,c3.2xlarge,0.1966,61381,0.33147911697637156
266,c3.2xlarge,0.4147,61504,0.3897337350929115
267,c3.2xlarge,0.4145,61626,0.397163614565038
268,c3.2xlarge,0.4148,61746,0.40950908436951144
269,c3.2xlarge,0.4144,61860,0.410976359058658
270,c3.2xlarge,0.0975,62223,0.31693345134106055
271,c3.2xlarge,0.0966,62692,0.25083341593874237
272,c3.2xlarge,0.0977,62879,0.14364002478162272
273,c3.2xlarge,0.4145,62945,0.3332420074344868
274,c3.2xlarge,0.4147,63007,0.39026260223034603
275,c3.2xlarge,0.0965,63246,0.3021338215612422
276,c3.2xlarge,0.1975,63301,0.22889014646837264
277,c3.2xlarge,0.4143,63365,0.3586770439405118
278,c3.2xlarge,0.0976,63614,0.28035393075835824
279,c3.2xlarge,0.0975,63660,0.22549775153085075
280,c3.2xlarge,0.0976,63707,0.13596932545925525
281,c3.2xlarge,0.4144,63789,0.33087079763777655
282,c3.2xlarge,0.0966,63833,0.26058955834644354
283,c3.2xlarge,0.4143,63909,0.36818686750393304
284,c3.2xlarge,0.0974,64201,0.2869508072527531
285,c3.2xlarge,0.1975,64263,0.22433524217582596
286,c3.2xlarge,0.0964,64501,0.18595466952307815
287,c3.2xlarge,0.0966,65035,0.12340640085692345
288,c3.2xlarge,0.1976,65037,0.17534192025707704
289,c3.2xlarge,0.1975,65101,0.1819893441799539
290,c3.2xlarge,0.1966,65223,0.18637254092596772
291,c3.2xlarge,0.1977,65351,0.1943017622777903
292,c3.2xlarge,0.1976,65445,0.19529123359445322
293,c3.2xlarge,0.0965,65567,0.16565386351611724
294,c3.2xlarge,0.0975,65647,0.11794615905483517
295,c3.2xlarge,0.1974,65701,0.17356384771645056
296,c3.2xlarge,0.0965,65875,0.15044469340151537
297,c3.2xlarge,0.1975,65877,0.1833834080204546
298,c3.2xlarge,0.0975,66181,0.1576183856143182
299,c3.2xlarge,0.0974,66301,0.13955286993002275
300,c3.2xlarge,0.1964,66301,0.17934586097900682
301,c3.2xlarge,0.0975,66731,0.15479210268530477
302,c3.2xlarge,0.1965,66733,0.18398763080559144
303,c3.2xlarge,0.1974,67021,0.19337628924167743
304,c3.2xlarge,0.1964,67201,0.1942834024691742
305,c3.2xlarge,0.414,67321,0.3480850207407522
306,c3.2xlarge,0.4149,67693,0.39485550622222565
307,c3.2xlarge,0.4139,67747,0.40056885435555795
308,c3.2xlarge,0.1974,68101,0.33961819804889054
309,c3.2xlarge,0.0975,68807,0.2669827386342234
310,c3.2xlarge,0.414,68881,0.369894821590267
311,c3.2xlarge,0.1974,69001,0.3181463751131869
312,c3.2xlarge,0.4139,69301,0.38517391253395605
313,c3.2xlarge,0.414,69543,0.4053521737601868
314,c3.2xlarge,0.4139,69961,0.4079165216321307
315,c3.2xlarge,0.4139,70747,0.40971156514249146
316,c3.2xlarge,0.4148,71439,0.41327346954274746
317,c3.2xlarge,0.0974,71517,0.3185114286799232
318,c3.2xlarge,0.0973,71701,0.25214800007594623
319,c3.2xlarge,0.1974,72765,0.21382440002278388
320,c3.2xlarge,0.1974,74050,0.2088970800159487
321,c3.2xlarge,0.4147,74400,0.35295912400478463
322,c3.2xlarge,0.1974,74744,0.3062913868033492
323,c3.2xlarge,0.0973,75246,0.24359397076234443
324,c3.2xlarge,0.4148,75346,0.36343819122870336
325,c3.2xlarge,0.4147,75662,0.3788167338600923
326,c3.2xlarge,0.1964,75698,0.3240917137020646
327,c3.2xlarge,0.1963,75962,0.2857541995914452
328,c3.2xlarge,0.414,76328,0.37552625987743354
329,c3.2xlarge,0.0964,76398,0.2917883819142035
330,c3.2xlarge,0.1965,77144,0.22508651457426104
331,c3.2xlarge,0.4148,77234,0.3578859543722783
332,c3.2xlarge,0.4142,77442,0.3747801680605948
333,c3.2xlarge,0.4148,77522,0.40279405041817845
334,c3.2xlarge,0.1966,78034,0.34093583529272486
335,c3.2xlarge,0.4144,80740,0.39236075058781744
336,c3.2xlarge,0.4148,81219,0.4080682251763452
337,c3.2xlarge,0.4145,81521,0.4099977576234416
338,c3.2xlarge,0.4148,81825,0.4133593272870325
339,c3.2xlarge,0.1975,81846,0.3486015291009227
340,c3.2xlarge,0.1976,82138,0.24290045873027682
341,c3.2xlarge,0.4145,82268,0.363020137619083
342,c3.2xlarge,0.1976,82268,0.31339409633335813
343,c3.2xlarge,0.0975,82800,0.24862586743335066
344,c3.2xlarge,0.0976,82860,0.14290776023000523
345,c3.2xlarge,0.0967,82876,0.12904543216100367
346,c3.2xlarge,0.1966,82920,0.1763336296483011
347,c3.2xlarge,0.1967,82982,0.19059008889449036
348,c3.2xlarge,0.1966,83100,0.19239306222614325
349,c3.2xlarge,0.1966,83220,0.19365514355830027
350,c3.2xlarge,0.1966,83526,0.19453860049081018
351,c3.2xlarge,0.4149,83716,0.34879158014724304
352,c3.2xlarge,0.4147,84474,0.3685641061030701
353,c3.2xlarge,0.1977,84508,0.31730487427214904
354,c3.2xlarge,0.1978,84560,0.23365146228164474
355,c3.2xlarge,0.197,86312,0.2226560235971513
0,c3.8xlarge,0.3938,0,0.3938
1,c3.8xlarge,0.3941,66,0.39401
2,c3.8xlarge,0.3933,120,0.393797
3,c3.8xlarge,0.3929,122,0.39352790000000004
4,c3.8xlarge,1.6507,128,1.2735483699999999
5,c3.8xlarge,0.4979,184,1.0408538589999998
6,c3.8xlarge,0.3931,486,0.8465277012999998
7,c3.8xlarge,1.6511,506,1.4097283103899998
8,c3.8xlarge,1.7289,674,1.633148493117
9,c3.8xlarge,1.7284,1052,1.6617239451818997
10,c3.8xlarge,1.7289,1220,1.70874718355457
11,c3.8xlarge,1.7373,1262,1.728734155066371
12,c3.8xlarge,0.493,1332,1.3580139085464595
13,c3.8xlarge,0.4026,1512,1.0713897359825215
14,c3.8xlarge,1.7385,1512,1.5383669207947563
15,c3.8xlarge,0.5025,1572,1.2276068445563293
16,c3.8xlarge,0.4028,1694,0.9801647911894305
17,c3.8xlarge,0.4026,1754,0.8068953538326012
18,c3.8xlarge,1.651,1765,1.3977686061497803
19,c3.8xlarge,1.6509,1845,1.4737080243048462
20,c3.8xlarge,0.5026,1996,1.182375617013392
21,c3.8xlarge,0.5024,2118,0.9783829319093744
22,c3.8xlarge,0.4025,2178,0.805618052336562
23,c3.8xlarge,0.5024,2238,0.5933654157009686
24,c3.8xlarge,1.7373,2299,1.3941196247102907
25,c3.8xlarge,1.7391,2425,1.6356058874130874
26,c3.8xlarge,0.4026,2478,1.2657041211891613
27,c3.8xlarge,1.7373,2591,1.5958212363567486
28,c3.8xlarge,0.5025,2598,1.267824865449724
29,c3.8xlarge,0.4026,2660,1.0082574058148066
30,c3.8xlarge,1.7385,2756,1.519427221744442
31,c3.8xlarge,0.5027,2780,1.2144090552211093
32,c3.8xlarge,0.5026,2840,1.0008663386547765
33,c3.8xlarge,1.6508,2882,1.455819901596433
34,c3.8xlarge,0.5025,2900,1.169823931117503
35,c3.8xlarge,0.393,2960,0.9367767517822521
36,c3.8xlarge,0.4045,3020,0.5641830255346757
37,c3.8xlarge,0.4052,3082,0.45289490766040275
38,c3.8xlarge,1.6508,3088,1.2914284722981209
39,c3.8xlarge,0.3929,3142,1.0218699306086845
40,c3.8xlarge,1.7708,3172,1.5461209791826052
41,c3.8xlarge,1.6509,3296,1.5775546854278235
42,c3.8xlarge,1.762,3422,1.706666405628347
43,c3.8xlarge,0.3929,3444,1.3125364839398428
44,c3.8xlarge,1.7629,3463,1.6277909451819528
45,c3.8xlarge,0.405,3504,1.2609536616273669
46,c3.8xlarge,0.493,3504,0.7233860984882101
47,c3.8xlarge,0.5053,3566,0.570725829546463
48,c3.8xlarge,0.4929,3626,0.5473780806825241
49,c3.8xlarge,0.493,3688,0.5093134242047572
50,c3.8xlarge,0.4045,3688,0.47786939694333
51,c3.8xlarge,0.5031,3748,0.495530819082999
52,c3.8xlarge,1.6508,3796,1.3042192457248996
53,c3.8xlarge,0.5025,3808,1.0637034720074297
54,c3.8xlarge,0.393,3988,0.8624924304052007
55,c3.8xlarge,0.4029,4228,0.5407777291215602
56,c3.8xlarge,0.4028,4290,0.4993844103850921
57,c3.8xlarge,1.7397,4465,1.3676053231155276
58,c3.8xlarge,1.7409,4965,1.6289115969346581
59,c3.8xlarge,1.7403,5091,1.6623281178542606
60,c3.8xlarge,1.7409,5175,1.717328435356278
61,c3.8xlarge,1.7415,5301,1.7342485306068833
62,c3.8xlarge,1.7409,5469,1.7362439714248183
63,c3.8xlarge,1.7415,5885,1.7399231914274456
64,c3.8xlarge,1.6508,6051,1.7131862339992119
65,c3.8xlarge,1.7415,6093,1.7330058701997637
66,c3.8xlarge,0.4927,6105,1.3609141091398345
67,c3.8xlarge,0.4053,6645,1.0742298763978841
68,c3.8xlarge,0.406,6705,0.6064689629193654
69,c3.8xlarge,0.407,6767,0.46684068887580965
70,c3.8xlarge,0.5071,6889,0.4950222066627429
71,c3.8xlarge,1.7719,7018,1.3888366619988228
72,c3.8xlarge,0.506,7071,1.1239856633991758
73,c3.8xlarge,0.5045,7313,0.938139964379423
74,c3.8xlarge,0.5033,7373,0.8076879750655961
75,c3.8xlarge,0.3926,7433,0.6831615825459172
76,c3.8xlarge,0.3927,7493,0.47983847476377517
77,c3.8xlarge,0.5036,7531,0.4964715424291326
78,c3.8xlarge,0.4038,7605,0.46867007970039276
79,c3.8xlarge,1.7435,7811,1.361051023910118
80,c3.8xlarge,0.4925,8027,1.1004857167370825
81,c3.8xlarge,1.7448,8393,1.5515057150211247
82,c3.8xlarge,0.5035,8461,1.237104000514787
83,c3.8xlarge,1.7435,8561,1.5915812001544363
84,c3.8xlarge,0.4034,8865,1.2351268401081053
85,c3.8xlarge,0.4033,9045,0.9855787880756737
86,c3.8xlarge,0.5034,9105,0.6480536364227021
87,c3.8xlarge,0.4033,9527,0.5746275454958913
88,c3.8xlarge,1.6502,9860,1.3275282636487673
89,c3.8xlarge,0.3928,9891,1.047109784554137
90,c3.8xlarge,0.4033,9951,0.596442935366241
91,c3.8xlarge,0.4927,9951,0.5238228806098724
92,c3.8xlarge,1.7639,10237,1.3918768641829615
93,c3.8xlarge,0.4924,10253,1.122033804928073
94,c3.8xlarge,0.4054,10253,0.9070436634496509
95,c3.8xlarge,0.406,10313,0.5563130990348953
96,c3.8xlarge,1.7822,10363,1.4144339297104684
97,c3.8xlarge,1.7798,10405,1.5240437507973277
98,c3.8xlarge,1.7763,10447,1.5997206255581293
99,c3.8xlarge,1.7798,10489,1.725776187667439
100,c3.8xlarge,1.7698,10614,1.7389833313672072
101,c3.8xlarge,1.7708,10697,1.7612549994101618
102,c3.8xlarge,1.6498,10782,1.727818499587113
103,c3.8xlarge,1.7475,10905,1.741595549876134
104,c3.8xlarge,0.5038,10913,1.3702568849132937
105,c3.8xlarge,0.4033,10973,1.0801698194393055
106,c3.8xlarge,0.4032,11093,0.8770788736075137
107,c3.8xlarge,0.4925,11093,0.6078736620822541
108,c3.8xlarge,0.3924,11153,0.5432315634575778
109,c3.8xlarge,1.7397,11233,1.3807594690372733
110,c3.8xlarge,1.7415,11275,1.633277840711182
111,c3.8xlarge,0.3925,11455,1.2610444884978274
112,c3.8xlarge,0.4924,11575,0.7229933465493483
113,c3.8xlarge,1.7403,11734,1.4351080039648043
114,c3.8xlarge,0.5031,11755,1.155505602775363
115,c3.8xlarge,1.7397,11860,1.564441680832609
116,c3.8xlarge,0.5029,11995,1.2459791765828263
117,c3.8xlarge,1.7397,12028,1.5915837529748478
118,c3.8xlarge,0.4031,12185,1.2350386270823934
119,c3.8xlarge,0.3925,12305,0.9822770389576754
120,c3.8xlarge,0.403,12365,0.5767831116873027
121,c3.8xlarge,0.4924,12365,0.5177149335061908
122,c3.8xlarge,1.7403,12490,1.3735244800518571
123,c3.8xlarge,0.3925,12549,1.0792171360362999
124,c3.8xlarge,1.6501,12574,1.4788351408108897
125,c3.8xlarge,1.7403,12614,1.6618605422432668
126,c3.8xlarge,0.403,12671,1.2842023795702868
127,c3.8xlarge,0.4924,12671,0.729940713871086
128,c3.8xlarge,0.4925,12731,0.5637322141613259
129,c3.8xlarge,0.4029,12731,0.5154825499129281
130,c3.8xlarge,1.7415,12866,1.3736947649738784
131,c3.8xlarge,0.4031,13035,1.0825163354817149
132,c3.8xlarge,0.5033,13095,0.6770649006445144
133,c3.8xlarge,0.3924,13155,0.59166543045116
134,c3.8xlarge,0.4031,13275,0.45966962913534803
135,c3.8xlarge,0.4032,13457,0.4201408887406044
136,c3.8xlarge,0.4925,13457,0.4707922666221813
137,c3.8xlarge,0.3924,13517,0.4472745866355269
138,c3.8xlarge,0.503,13577,0.48628237599065804
139,c3.8xlarge,0.505,13819,0.4993847127971974
140,c3.8xlarge,0.4926,13861,0.49734929895803814
141,c3.8xlarge,1.65,13917,1.3042047896874114
142,c3.8xlarge,0.4067,13931,1.0349533527811878
143,c3.8xlarge,0.5064,14111,0.6649660058343563
144,c3.8xlarge,0.5056,14233,0.6171562040840494
145,c3.8xlarge,1.65,14253,1.3401468612252145
146,c3.8xlarge,1.7658,14295,1.6381040583675643
147,c3.8xlarge,0.4049,14473,1.268142840857295
148,c3.8xlarge,0.4034,14533,1.0087199886001064
149,c3.8xlarge,0.4029,14593,0.8269739920200745
150,c3.8xlarge,0.4926,14713,0.5929121976060223
151,c3.8xlarge,1.7409,14965,1.3965036592818065
152,c3.8xlarge,0.3927,15015,1.0953625614972646
153,c3.8xlarge,0.4031,15075,0.6107787684491794
154,c3.8xlarge,1.7403,15171,1.4014436305347537
155,c3.8xlarge,0.3928,15257,1.0988505413743275
156,c3.8xlarge,1.6503,15297,1.4848651624122984
157,c3.8xlarge,0.4033,15317,1.1603956136886087
158,c3.8xlarge,0.4929,15317,0.6931486841065826
159,c3.8xlarge,0.5031,15377,0.5601146052319748
160,c3.8xlarge,0.3927,15497,0.5098902236623823
161,c3.8xlarge,1.7385,15675,1.3699170670987146
162,c3.8xlarge,0.5028,15677,1.1097819469691002
163,c3.8xlarge,1.7391,16053,1.5503045840907301
164,c3.8xlarge,0.5028,16221,1.236053208863511
165,c3.8xlarge,1.7391,16305,1.5881859626590535
166,c3.8xlarge,0.4926,16379,1.2595101738613375
167,c3.8xlarge,0.4031,16443,1.0025871217029363
168,c3.8xlarge,1.7385,16681,1.517726136510881
169,c3.8xlarge,1.7391,17395,1.6726878409532644
170,c3.8xlarge,1.7593,17437,1.7333163522859794
171,c3.8xlarge,0.5049,17463,1.3647914466001854
172,c3.8xlarge,0.5057,17523,0.7634274339800557
173,c3.8xlarge,0.5063,17583,0.5834382301940166
174,c3.8xlarge,0.4927,17655,0.5562167611358116
175,c3.8xlarge,0.4047,17848,0.5107617327950681
176,c3.8xlarge,1.7559,18066,1.3823585198385202
177,c3.8xlarge,1.7497,18108,1.4925609638869641
178,c3.8xlarge,1.7435,18150,1.567842674720875
179,c3.8xlarge,0.5028,18210,1.2483298723046123
180,c3.8xlarge,0.4034,18450,0.9948509106132286
181,c3.8xlarge,0.5036,18630,0.6509752731839686
182,c3.8xlarge,1.7448,18690,1.4166525819551903
183,c3.8xlarge,0.4034,18812,1.112676807368633
184,c3.8xlarge,1.7448,18856,1.5551630422105898
185,c3.8xlarge,0.4035,18872,1.2096641295474129
186,c3.8xlarge,1.7391,18982,1.5802692388642239
187,c3.8xlarge,1.7397,19024,1.6918707716592671
188,c3.8xlarge,0.5031,19112,1.335239540161487
189,c3.8xlarge,1.6501,19276,1.555641862048446
190,c3.8xlarge,1.7397,19319,1.6844825586145338
191,c3.8xlarge,0.4029,19412,1.3000077910301735
192,c3.8xlarge,0.403,19472,0.6721023373090521
193,c3.8xlarge,0.4029,19532,0.5913416361163365
194,c3.8xlarge,1.6501,19697,1.3324724908349008
195,c3.8xlarge,1.6502,19781,1.5548817472504701
196,c3.8xlarge,0.5029,19832,1.2392872230753291
197,c3.8xlarge,0.4028,20012,0.9883410561527303
198,c3.8xlarge,0.5031,20074,0.648672316845819
199,c3.8xlarge,0.5032,20134,0.5468416950537457
200,c3.8xlarge,1.7409,20281,1.3826825085161236
201,c3.8xlarge,0.4031,20314,1.0888077559612865
202,c3.8xlarge,0.4028,20554,0.8830054291729005
203,c3.8xlarge,0.4029,20736,0.5469316287518702
204,c3.8xlarge,1.6501,20825,1.3191494886255608
205,c3.8xlarge,0.403,20916,1.0443046420378925
206,c3.8xlarge,1.7585,21035,1.5442413926113678
207,c3.8xlarge,1.6502,21067,1.5760289748279575
208,c3.8xlarge,0.5049,21067,1.25469028237957
209,c3.8xlarge,1.6501,21119,1.5314770847138708
210,c3.8xlarge,0.4056,21127,1.1937139592997095
211,c3.8xlarge,0.4063,21187,0.6425241877899128
212,c3.8xlarge,1.7751,21287,1.435327256336974
213,c3.8xlarge,0.5064,21307,1.1566490794358817
214,c3.8xlarge,0.5057,21427,0.9613643556051171
215,c3.8xlarge,0.5056,21547,0.824635048923582
216,c3.8xlarge,0.4054,21669,0.6988645342465073
217,c3.8xlarge,1.6502,21703,1.364799360273952
218,c3.8xlarge,0.5035,21789,1.1064095521917663
219,c3.8xlarge,0.5029,21909,0.9253566865342364
220,c3.8xlarge,0.4028,22031,0.7685896805739654
221,c3.8xlarge,0.393,22153,0.6559127764017757
222,c3.8xlarge,1.7391,22273,1.4141438329205327
223,c3.8xlarge,0.4028,22759,1.110740683044373
224,c3.8xlarge,0.4029,22819,0.6152522049133118
225,c3.8xlarge,0.5028,22881,0.5365356614739936
226,c3.8xlarge,1.7379,22986,1.377490698442198
227,c3.8xlarge,1.6503,23154,1.4593334889095386
228,c3.8xlarge,0.4029,23485,1.1424034422366771
229,c3.8xlarge,0.4029,24027,0.920552409565674
230,c3.8xlarge,0.4031,24147,0.5583357228697022
231,c3.8xlarge,1.7397,24364,1.3852907168609105
232,c3.8xlarge,1.7379,24574,1.4910735018026373
233,c3.8xlarge,0.5049,24627,1.195221451261846
234,c3.8xlarge,0.4057,24687,0.9583650158832921
235,c3.8xlarge,1.7751,24742,1.5300795047649878
236,c3.8xlarge,1.774,24784,1.6032556533354914
237,c3.8xlarge,0.5063,24807,1.274168957334844
238,c3.8xlarge,0.5064,24927,0.7367306872004532
239,c3.8xlarge,0.4056,25047,0.6373914810403172
240,c3.8xlarge,1.6504,25078,1.3464974443120952
241,c3.8xlarge,0.5057,25169,1.0942582110184667
242,c3.8xlarge,0.4931,25229,0.9139107477129266
243,c3.8xlarge,0.4042,25291,0.7609975233990486
244,c3.8xlarge,0.4932,25291,0.5735392570197146
245,c3.8xlarge,0.4933,25351,0.5173717771059144
246,c3.8xlarge,0.4032,25351,0.4831202439741401
247,c3.8xlarge,0.4028,25411,0.45902417078189806
248,c3.8xlarge,0.4932,25411,0.48294725123456944
249,c3.8xlarge,0.5032,25531,0.4971241753703708
250,c3.8xlarge,1.7409,25580,1.367767252611111
251,c3.8xlarge,1.6506,25706,1.4526170768277777
252,c3.8xlarge,0.5031,25711,1.1677619537794444
253,c3.8xlarge,0.3933,25895,0.935423367645611
254,c3.8xlarge,1.6507,25916,1.436117010293683
255,c3.8xlarge,1.7235,25958,1.637285103088105
256,c3.8xlarge,0.5012,26019,1.2964595721616734
257,c3.8xlarge,0.3931,26139,1.0254517005131714
258,c3.8xlarge,1.6505,26168,1.4629855101539513
259,c3.8xlarge,0.4017,26319,1.1445998571077658
260,c3.8xlarge,0.493,26319,0.6884799571323297
261,c3.8xlarge,1.727,26462,1.415443987139699
262,c3.8xlarge,0.4017,26919,1.1113207909977894
263,c3.8xlarge,1.6505,26924,1.4887462372993367
264,c3.8xlarge,1.6504,27048,1.5372423661095356
265,c3.8xlarge,1.7284,27174,1.6710527098328605
266,c3.8xlarge,0.393,27279,1.287636896883002
267,c3.8xlarge,0.4017,27339,0.6674810690649007
268,c3.8xlarge,0.3929,27459,0.5851067483454304
269,c3.8xlarge,1.7275,27720,1.384782024503629
270,c3.8xlarge,1.6503,27762,1.4644374171525403
271,c3.8xlarge,0.5016,27823,1.175586192006778
272,c3.8xlarge,0.4015,27943,0.9433603344047445
273,c3.8xlarge,1.7409,28224,1.5016381003214234
274,c3.8xlarge,1.7415,28266,1.669541430096427
275,c3.8xlarge,1.7475,28308,1.7241124290289283
276,c3.8xlarge,0.5045,28365,1.3582287003202498
277,c3.8xlarge,1.7535,28518,1.6349186100960749
278,c3.8xlarge,0.5044,28547,1.2957630270672522
279,c3.8xlarge,1.7468,28602,1.6114889081201755
280,c3.8xlarge,1.7362,28644,1.648902235684123
281,c3.8xlarge,1.7367,28728,1.7103606707052368
282,c3.8xlarge,1.7367,28854,1.7182624694936657
283,c3.8xlarge,0.4976,28923,1.352063728645566
284,c3.8xlarge,1.7199,28980,1.60954911859367
285,c3.8xlarge,1.7202,29022,1.687004735578101
286,c3.8xlarge,0.3975,29043,1.3001533149046707
287,c3.8xlarge,1.721,29148,1.594745994471401
288,c3.8xlarge,1.6504,29274,1.6114421961299807
289,c3.8xlarge,1.7202,29989,1.6875726588389943
290,c3.8xlarge,0.3974,30245,1.3005208611872958
291,c3.8xlarge,0.3973,30305,1.029554602831107
292,c3.8xlarge,0.4974,30367,0.6570463808493321
293,c3.8xlarge,0.3927,30787,0.5777424665945324
294,c3.8xlarge,0.4928,30907,0.5182827399783597
295,c3.8xlarge,0.3927,31087,0.4806079179848518
296,c3.8xlarge,1.7222,31501,1.3497223753954555
297,c3.8xlarge,0.4976,31511,1.0940856627768187
298,c3.8xlarge,0.3975,31691,0.8851099639437731
299,c3.8xlarge,0.4927,31691,0.6104229891831319
300,c3.8xlarge,1.7329,31837,1.3961568967549396
301,c3.8xlarge,1.7373,31879,1.6349570690264819
302,c3.8xlarge,0.4992,31931,1.294229948318537
303,c3.8xlarge,0.493,31977,1.053860963822976
304,c3.8xlarge,0.3996,31977,0.8575826746760831
305,c3.8xlarge,0.4995,32047,0.6069248024028249
306,c3.8xlarge,1.7448,32131,1.4034374407208472
307,c3.8xlarge,0.4992,32229,1.132166208504593
308,c3.8xlarge,1.7385,32341,1.556599862551378
309,c3.8xlarge,0.4929,32409,1.2374899037859644
310,c3.8xlarge,0.393,32469,0.984142932650175
311,c3.8xlarge,1.7256,32509,1.5031628797950525
312,c3.8xlarge,0.4981,32529,1.2016440158565367
313,c3.8xlarge,0.4978,32589,0.9904908110995757
314,c3.8xlarge,1.7218,32635,1.5024072433298727
315,c3.8xlarge,1.6501,33138,1.5467150703309107
316,c3.8xlarge,1.7206,33558,1.668434521099273
317,c3.8xlarge,0.3978,33673,1.287244164769491
318,c3.8xlarge,0.3928,33734,1.0189109153386435
319,c3.8xlarge,0.3977,33793,0.584063274601593
320,c3.8xlarge,0.3978,33913,0.4536789823804779
321,c3.8xlarge,0.3929,33975,0.4354452876663345
322,c3.8xlarge,0.3928,34218,0.42265170136643415
323,c3.8xlarge,1.721,34272,1.3314955104099302
324,c3.8xlarge,1.7214,34356,1.604428653122979
325,c3.8xlarge,1.7222,34440,1.6868685959368936
326,c3.8xlarge,1.6501,34482,1.6758380171558254
327,c3.8xlarge,1.7231,34608,1.7089214051467476
328,c3.8xlarge,0.3929,34638,1.3141149836027233
329,c3.8xlarge,1.7218,34734,1.599494495080817
330,c3.8xlarge,1.7214,34944,1.6360661465565718
331,c3.8xlarge,1.7206,35028,1.6614263025896001
332,c3.8xlarge,0.3977,35059,1.28230841181272
333,c3.8xlarge,0.398,35180,0.6632925235438161
334,c3.8xlarge,0.4928,35180,0.5439477570631448
335,c3.8xlarge,1.7226,35238,1.3690043271189434
336,c3.8xlarge,0.4978,35360,1.1076430289832602
337,c3.8xlarge,0.4927,35420,0.9231601202882821
338,c3.8xlarge,0.3987,35420,0.7658220842017974
339,c3.8xlarge,0.3928,35480,0.6539154589412581
340,c3.8xlarge,1.7385,35490,1.4131246376823774
341,c3.8xlarge,0.4996,35540,1.139067246377664
342,c3.8xlarge,1.6501,35574,1.4967901739132992
343,c3.8xlarge,1.65,35742,1.5427531217393093
344,c3.8xlarge,0.4991,35842,1.2296571852175164
345,c3.8xlarge,0.3927,35902,0.9785700296522615
346,c3.8xlarge,1.7367,35910,1.5092610088956784
347,c3.8xlarge,0.3928,36024,1.1743227062269748
348,c3.8xlarge,0.399,36084,0.6315968118680925
349,c3.8xlarge,0.3978,36144,0.5614577683076647
350,c3.8xlarge,1.7214,36411,1.3734173304922994
351,c3.8xlarge,1.721,36621,1.4776921313446096
352,c3.8xlarge,0.4977,36746,1.1836944919412267
353,c3.8xlarge,1.6501,36747,1.5101783475823678
354,c3.8xlarge,0.4978,36868,1.2064648433076575
355,c3.8xlarge,0.4929,36928,0.9923953903153602
356,c3.8xlarge,1.721,37083,1.5024186170946079
357,c3.8xlarge,0.4928,37108,1.1995330319662254
358,c3.8xlarge,0.3977,37168,0.9589831223763577
359,c3.8xlarge,0.3978,37228,0.5661549367129073
360,c3.8xlarge,0.4977,37410,0.5182364810138722
361,c3.8xlarge,0.4978,37590,0.5039309443041617
362,c3.8xlarge,1.7206,38085,1.3555992832912485
363,c3.8xlarge,1.721,38379,1.6113797849873746
364,c3.8xlarge,0.3978,38434,1.2473058494911622
365,c3.8xlarge,0.3975,38460,0.9923640946438135
366,c3.8xlarge,0.4926,38462,0.6425292283931441
367,c3.8xlarge,1.7362,39089,1.4080987685179431
368,c3.8xlarge,0.4987,39126,1.1352791379625602
369,c3.8xlarge,1.7422,39215,1.560123741388768
370,c3.8xlarge,1.7409,39383,1.6143566189721374
371,c3.8xlarge,0.4987,39426,1.2796596332804961
372,c3.8xlarge,1.7362,39551,1.5992378899841488
373,c3.8xlarge,0.3983,39666,1.2389565229889041
374,c3.8xlarge,0.3977,39728,0.9865795660922329
375,c3.8xlarge,1.7195,39885,1.4996238698276698
376,c3.8xlarge,1.7199,40095,1.653817160948301
377,c3.8xlarge,1.7202,40137,1.7002851482844903
378,c3.8xlarge,0.3975,40148,1.3094496037991432
379,c3.8xlarge,0.4975,40568,0.741084881139743
380,c3.8xlarge,0.4976,40810,0.5706454643419229
381,c3.8xlarge,1.65,40933,1.3261936393025766
382,c3.8xlarge,0.3975,40992,1.0475855475118037
383,c3.8xlarge,0.3978,41052,0.5927356642535411
384,c3.8xlarge,1.6501,41143,1.332890699276062
385,c3.8xlarge,1.65,41185,1.4280234894932433
386,c3.8xlarge,1.7218,41269,1.633667046847973
387,c3.8xlarge,0.3975,41292,1.2628169327935812
388,c3.8xlarge,1.7214,41311,1.5838250798380744
389,c3.8xlarge,0.3976,41712,1.227957555886652
390,c3.8xlarge,0.4927,42254,0.7132772667659957
391,c3.8xlarge,1.65,42529,1.3689831800297985
392,c3.8xlarge,1.7303,42613,1.6219049540089394
393,c3.8xlarge,0.399,42676,1.2550334678062574
394,c3.8xlarge,0.3989,42736,0.99819342746438
395,c3.8xlarge,0.4993,42798,0.648968028239314
396,c3.8xlarge,0.4994,42858,0.5442704084717942
397,c3.8xlarge,0.4986,43280,0.530569285930256
398,c3.8xlarge,1.7298,43327,1.3700307857790766
399,c3.8xlarge,0.4982,43340,1.1084815500453535
400,c3.8xlarge,0.3979,43400,0.8953070850317474
401,c3.8xlarge,1.7222,43495,1.474132125509524
402,c3.8xlarge,0.4976,43520,1.181172487856667
403,c3.8xlarge,1.6502,43537,1.509491746357
404,c3.8xlarge,0.4927,43580,1.2044542224498997
405,c3.8xlarge,1.6503,43663,1.51654626673497
406,c3.8xlarge,0.4929,43700,1.2094523867144789
407,c3.8xlarge,1.7226,43957,1.5686557160143435
408,c3.8xlarge,1.6502,44042,1.5931190012100402
409,c3.8xlarge,0.3927,44060,1.232993300847028
410,c3.8xlarge,1.7222,44125,1.5754379902541082
411,c3.8xlarge,0.3929,44514,1.2206765931778756
412,c3.8xlarge,1.6503,44546,1.5214129779533627
413,c3.8xlarge,1.7222,44588,1.6619638933860088
414,c3.8xlarge,1.7218,44672,1.679914725370206
415,c3.8xlarge,1.6505,44714,1.6710903077591441
416,c3.8xlarge,1.7235,45008,1.7077770923277433
417,c3.8xlarge,1.6503,45092,1.6905339646294202
418,c3.8xlarge,0.493,45124,1.3312737752405939
419,c3.8xlarge,0.4931,45184,0.7445521325721782
420,c3.8xlarge,0.3929,45246,0.6390564928005248
421,c3.8xlarge,0.4976,45307,0.5400369478401574
422,c3.8xlarge,0.3932,45662,0.4959858634881102
423,c3.8xlarge,1.7231,45890,1.354965759046433
424,c3.8xlarge,0.3977,46153,1.067786031332503
425,c3.8xlarge,1.7362,46224,1.5356758093997507
426,c3.8xlarge,0.3932,46335,1.1929330665798255
427,c3.8xlarge,1.7441,46348,1.5787499199739476
428,c3.8xlarge,0.4933,46395,1.2531149439817633
429,c3.8xlarge,1.7385,46600,1.592884483194529
430,c3.8xlarge,1.7379,46684,1.6363891382361704
431,c3.8xlarge,0.3932,46695,1.2634323967653192
432,c3.8xlarge,0.4982,46875,0.7277697190295958
433,c3.8xlarge,0.3978,46935,0.628778803320717
434,c3.8xlarge,1.7214,46978,1.393613640996215
435,c3.8xlarge,0.3933,47657,1.0935195486973504
436,c3.8xlarge,0.4932,47957,0.6732958646092051
437,c3.8xlarge,0.3976,48077,0.5905871052264435
438,c3.8xlarge,0.4975,48261,0.525426131567933
439,c3.8xlarge,1.6502,48444,1.31276783947038
440,c3.8xlarge,0.4976,48621,1.0682174876292658
441,c3.8xlarge,1.7218,48696,1.5257252462887798
442,c3.8xlarge,0.4929,48783,1.2158776724021458
443,c3.8xlarge,0.4975,48843,0.7130133017206438
444,c3.8xlarge,1.7218,48907,1.4191639905161932
445,c3.8xlarge,0.3977,49083,1.1127247933613351
446,c3.8xlarge,0.3976,49143,0.8981873553529345
447,c3.8xlarge,1.7226,49157,1.4752762066058802
448,c3.8xlarge,0.3975,49383,1.151943344624116
449,c3.8xlarge,1.721,49409,1.5502830033872348
450,c3.8xlarge,0.3926,49861,1.2029781023710642
451,c3.8xlarge,1.7329,49869,1.5739234307113192
452,c3.8xlarge,0.4986,49925,1.2513264014979235
453,c3.8xlarge,0.4989,49987,0.7246279204493771
454,c3.8xlarge,1.7362,50205,1.432728376134813
455,c3.8xlarge,1.7319,50495,1.522479863294369
456,c3.8xlarge,1.7279,50537,1.5841059043060581
457,c3.8xlarge,1.7239,50579,1.6260441330142408
458,c3.8xlarge,0.4975,50589,1.2874808931099686
459,c3.8xlarge,1.7243,50621,1.5932542679329906
460,c3.8xlarge,0.3976,50771,1.2345579875530934
461,c3.8xlarge,1.7261,50831,1.5786373962659281
462,c3.8xlarge,1.6501,51124,1.6000761773861494
463,c3.8xlarge,0.3926,51255,1.2378333241703046
464,c3.8xlarge,0.3927,51315,0.6462399972510914
465,c3.8xlarge,1.7243,51376,1.4008819991753274
466,c3.8xlarge,0.4976,51435,1.129897399422729
467,c3.8xlarge,1.7243,51790,1.5459792198268187
468,c3.8xlarge,1.7248,51874,1.6711537659480458
469,c3.8xlarge,0.4975,52099,1.319057636163632
470,c3.8xlarge,0.4976,52159,0.7440372908490895
471,c3.8xlarge,1.7252,52211,1.430851187254727
472,c3.8xlarge,1.7248,52253,1.519035831078309
473,c3.8xlarge,0.3975,52399,1.1825750817548162
474,c3.8xlarge,0.3976,52459,0.6330925245264449
475,c3.8xlarge,0.4926,52519,0.5347477573579335
476,c3.8xlarge,0.3975,52579,0.49357343015055344
477,c3.8xlarge,1.65,52711,1.3030720290451658
478,c3.8xlarge,0.4927,52819,1.059960420331616
479,c3.8xlarge,0.3926,53001,0.8597522942321312
480,c3.8xlarge,0.4927,53061,0.6028156882696394
481,c3.8xlarge,1.7248,53257,1.3882047064808918
482,c3.8xlarge,0.4975,53363,1.1209932945366243
483,c3.8xlarge,1.7329,53425,1.5493279883609874
484,c3.8xlarge,0.4982,53463,1.233989591852691
485,c3.8xlarge,1.7379,53509,1.5867268775558072
486,c3.8xlarge,1.7435,53551,1.6964680632667424
487,c3.8xlarge,1.7428,53593,1.7103676442867195
488,c3.8xlarge,0.3989,53643,1.3169273510007036
489,c3.8xlarge,0.4985,53825,0.7440282053002112
490,c3.8xlarge,0.4986,53885,0.5722284615900634
491,c3.8xlarge,0.4979,54127,0.5499299231130443
492,c3.8xlarge,0.4975,54187,0.534200946179131
493,c3.8xlarge,0.4976,54247,0.5085802838537393
494,c3.8xlarge,0.4973,54729,0.5051961986976174
495,c3.8xlarge,0.3925,54789,0.4713873390883322
496,c3.8xlarge,0.4924,54849,0.4860962017264997
497,c3.8xlarge,0.4975,55227,0.4940788605179499
498,c3.8xlarge,0.4976,55287,0.4965436581553849
499,c3.8xlarge,1.7243,55437,1.3559730974466153
500,c3.8xlarge,0.4973,55469,1.0983711682126307
501,c3.8xlarge,0.4972,55529,0.9180198177488414
502,c3.8xlarge,0.4973,55773,0.6235159453246524
503,c3.8xlarge,1.7206,55899,1.3914747835973955
504,c3.8xlarge,0.4973,56227,1.1232223485181767
505,c3.8xlarge,1.7206,56316,1.5413867045554528
506,c3.8xlarge,0.3972,56347,1.1981306931888167
507,c3.8xlarge,1.7202,56734,1.563579207956645
508,c3.8xlarge,1.7214,56816,1.6740537623869935
509,c3.8xlarge,1.7218,56858,1.707476128716098
510,c3.8xlarge,0.4979,57011,1.3446032901012686
511,c3.8xlarge,0.4924,57068,1.088942303070888
512,c3.8xlarge,0.3983,57068,0.8817496121496216
513,c3.8xlarge,0.399,57188,0.5438248836448865
514,c3.8xlarge,1.7373,57404,1.379257465093466
515,c3.8xlarge,1.7379,57614,1.6303072395280398
516,c3.8xlarge,1.7385,57656,1.706042171858412
517,c3.8xlarge,0.3925,57734,1.3119795203008884
518,c3.8xlarge,1.7248,57740,1.6009538560902665
519,c3.8xlarge,1.7202,57780,1.6367276992631865
520,c3.8xlarge,0.4924,57794,1.2934293894842306
521,c3.8xlarge,0.3972,57794,1.0245605726389613
522,c3.8xlarge,1.7191,57822,1.5107381717916883
523,c3.8xlarge,0.3971,57854,1.1766467202541817
524,c3.8xlarge,1.7191,57906,1.5563640160762546
525,c3.8xlarge,0.4972,57976,1.2386148112533781
526,c3.8xlarge,0.3972,58336,0.9861903678773647
527,c3.8xlarge,0.3971,58576,0.8094632575141552
528,c3.8xlarge,1.7195,58648,1.4464889772542464
529,c3.8xlarge,0.4925,58756,1.1602922840779726
530,c3.8xlarge,0.3924,58936,0.9299245988545808
531,c3.8xlarge,0.3972,59116,0.5570173796563742
532,c3.8xlarge,1.6499,59192,1.322035213896912
533,c3.8xlarge,0.4971,59296,1.0745546497278382
534,c3.8xlarge,1.7187,59486,1.5254563949183513
535,c3.8xlarge,0.4972,59538,1.2169794764428459
536,c3.8xlarge,1.7195,59612,1.5687438429328537
537,c3.8xlarge,0.3971,59718,1.2172506900529976
538,c3.8xlarge,0.4972,59838,0.7132152070158992
539,c3.8xlarge,1.7195,59904,1.4176145621047698
540,c3.8xlarge,1.7187,60028,1.5079401934733387
541,c3.8xlarge,1.7187,60237,1.571168135431337
542,c3.8xlarge,0.4971,60260,1.2489476948019358
543,c3.8xlarge,0.3972,60320,0.9934233863613551
544,c3.8xlarge,0.4971,60502,0.6459970159084065
545,c3.8xlarge,1.7191,60529,1.397169104772522
546,c3.8xlarge,0.498,60622,1.1274183733407654
547,c3.8xlarge,0.4982,60682,0.6869655120022296
548,c3.8xlarge,0.3987,60804,0.6004858584015607
549,c3.8xlarge,1.7345,60991,1.394295757520468
550,c3.8xlarge,1.7319,61284,1.4955770302643274
551,c3.8xlarge,0.4976,61346,1.1961839211850291
552,c3.8xlarge,1.7183,61408,1.5616651763555087
553,c3.8xlarge,1.7191,61573,1.6718695529066527
554,c3.8xlarge,1.7195,61781,1.7052108658719958
555,c3.8xlarge,1.6497,61907,1.6885576061103968
556,c3.8xlarge,0.4971,61946,1.3311203242772778
557,c3.8xlarge,0.3972,62126,1.0509442269940943
558,c3.8xlarge,0.3971,62368,0.8547909588958659
559,c3.8xlarge,1.7191,62622,1.4598072876687598
560,c3.8xlarge,0.3972,62728,1.1410251013681316
561,c3.8xlarge,0.4971,62908,0.6902775304104395
562,c3.8xlarge,0.4936,63834,0.6312742712873076
563,c3.8xlarge,1.6498,63873,1.344242281386192
564,c3.8xlarge,0.4972,64106,1.0901295969703344
565,c3.8xlarge,0.4981,64226,0.6757088790911003
566,c3.8xlarge,1.7356,64287,1.4176326637273302
567,c3.8xlarge,0.499,64346,1.1420428646091312
568,c3.8xlarge,0.3936,64408,0.9175100052263917
569,c3.8xlarge,1.7448,64413,1.4966130015679173
570,c3.8xlarge,0.3937,64468,1.165739101097542
571,c3.8xlarge,1.7448,64582,1.5710817303292623
572,c3.8xlarge,1.7391,64624,1.6214872112304837
573,c3.8xlarge,1.7373,64750,1.6562310478613385
574,c3.8xlarge,1.7379,64792,1.7133993143584014
575,c3.8xlarge,0.3986,64830,1.318959520050881
576,c3.8xlarge,0.3979,64890,1.0426416640356166
577,c3.8xlarge,0.4973,64950,0.660902499210685
578,c3.8xlarge,0.394,65190,0.5808317494474795
579,c3.8xlarge,0.3939,65250,0.5247522246132356
580,c3.8xlarge,1.721,65293,1.3621256673839706
581,c3.8xlarge,0.394,65430,1.0716879671687793
582,c3.8xlarge,0.4972,65914,0.6695463901506338
583,c3.8xlarge,0.3973,66276,0.5878724731054435
584,c3.8xlarge,0.3972,66458,0.5306707311738105
585,c3.8xlarge,0.4938,66458,0.5048612193521431
586,c3.8xlarge,1.7191,66549,1.354828365805643
587,c3.8xlarge,0.3973,66758,1.06756985606395
588,c3.8xlarge,0.4939,66758,0.666000956819185
589,c3.8xlarge,0.4972,67058,0.5478402870457555
590,c3.8xlarge,0.4938,67541,0.5316282009320288
591,c3.8xlarge,1.7329,67846,1.3725184602796088
592,c3.8xlarge,0.3986,67903,1.0803429221957261
593,c3.8xlarge,0.399,67963,0.6034028766587178
594,c3.8xlarge,0.3989,68023,0.5420520136611024
595,c3.8xlarge,1.7422,68178,1.3821556040983305
596,c3.8xlarge,0.3985,68203,1.0870589228688312
597,c3.8xlarge,1.7379,68260,1.5426476768606494
598,c3.8xlarge,1.7403,68303,1.6810043030581947
599,c3.8xlarge,1.7397,68344,1.6986130121407363
600,c3.8xlarge,1.7391,68427,1.7107591084985154
601,c3.8xlarge,1.7367,68469,1.7185413759489607
602,c3.8xlarge,0.4976,68505,1.3522589631642725
603,c3.8xlarge,1.7261,68511,1.6139476889492816
604,c3.8xlarge,0.3975,68565,1.249013382264497
605,c3.8xlarge,1.7243,68637,1.5817140146793491
606,c3.8xlarge,0.3974,68745,1.2264198102755444
607,c3.8xlarge,0.4938,68745,0.7135859430826633
608,c3.8xlarge,0.3939,69289,0.6176801601578643
609,c3.8xlarge,1.6498,69725,1.3401640480473591
610,c3.8xlarge,0.4937,69833,1.0862248336331513
611,c3.8xlarge,1.721,69977,1.5305674500899453
612,c3.8xlarge,0.3977,70023,1.1907072150629616
613,c3.8xlarge,0.4936,70023,0.7027321645188885
614,c3.8xlarge,0.4975,70081,0.5590696493556666
615,c3.8xlarge,0.3976,70165,0.5106287545489666
616,c3.8xlarge,0.4978,70283,0.50164862636469
617,c3.8xlarge,0.4975,70321,0.500404038455283
618,c3.8xlarge,1.7235,70481,1.3565712115365849
619,c3.8xlarge,1.7222,70565,1.4662598480756093
620,c3.8xlarge,0.3937,70623,1.1444918936529265
621,c3.8xlarge,0.3938,70683,0.619007568095878
622,c3.8xlarge,1.7235,70691,1.3921522704287634
623,c3.8xlarge,1.65,70733,1.4695065893001342
624,c3.8xlarge,1.7248,70817,1.6482119767900403
625,c3.8xlarge,0.4975,70865,1.3029983837530281
626,c3.8xlarge,0.4974,70925,1.0613188686271195
627,c3.8xlarge,0.4975,70985,0.6666456605881359
628,c3.8xlarge,0.4973,71105,0.6158419624116951
629,c3.8xlarge,0.3937,71407,0.5491993736881866
630,c3.8xlarge,0.4976,71413,0.5130798121064559
631,c3.8xlarge,0.399,71449,0.4788558684745191
632,c3.8xlarge,1.7403,71490,1.3618667605423556
633,c3.8xlarge,0.3999,71569,1.0732767323796488
634,c3.8xlarge,0.3996,71581,0.8711737126657542
635,c3.8xlarge,1.7475,71658,1.4846021137997263
636,c3.8xlarge,0.4992,71765,1.1889814796598082
637,c3.8xlarge,1.7461,71784,1.5789644438979424
638,c3.8xlarge,0.3987,71825,1.2248851107285597
639,c3.8xlarge,0.3988,71945,0.646625533218568
640,c3.8xlarge,1.7409,71950,1.4126176599655702
641,c3.8xlarge,0.3987,72005,1.1084423619758992
642,c3.8xlarge,1.7397,72034,1.5503227085927698
643,c3.8xlarge,0.4985,72125,1.2347758960149389
644,c3.8xlarge,0.4981,72185,1.013773127210457
645,c3.8xlarge,1.7235,72286,1.5105819381631371
646,c3.8xlarge,0.4975,72305,1.2066573567141958
647,c3.8xlarge,0.3939,72577,0.9628301496999371
648,c3.8xlarge,0.3938,72721,0.7921211047899559
649,c3.8xlarge,1.7243,72912,1.4446463314369868
650,c3.8xlarge,1.7248,72996,1.6407538994310962
651,c3.8xlarge,1.7235,73290,1.6655777296017673
652,c3.8xlarge,0.4938,73387,1.314044410721237
653,c3.8xlarge,0.4952,73477,0.7408533232163711
654,c3.8xlarge,0.3954,73773,0.6372173262514597
655,c3.8xlarge,0.3953,73859,0.5646421283760217
656,c3.8xlarge,1.7259,73872,1.3775226385128065
657,c3.8xlarge,0.3962,74001,1.0831258469589646
658,c3.8xlarge,0.3945,74047,0.8765380928712752
659,c3.8xlarge,0.3931,74101,0.7315066650098926
660,c3.8xlarge,1.6498,74130,1.3743119995029676
661,c3.8xlarge,1.7391,75047,1.6296635998508904
662,c3.8xlarge,0.4001,75125,1.2607945198956232
663,c3.8xlarge,1.7512,75173,1.604078355968687
664,c3.8xlarge,1.7527,75299,1.708113506790606
665,c3.8xlarge,1.7455,75425,1.719329454753424
666,c3.8xlarge,0.5003,75425,1.3536206183273967
667,c3.8xlarge,1.6498,75467,1.560946185498219
668,c3.8xlarge,1.735,75677,1.6827838556494656
669,c3.8xlarge,0.4931,75727,1.3258786989546258
670,c3.8xlarge,0.3989,75727,1.047785089268238
671,c3.8xlarge,0.4986,75787,0.6633555267804715
672,c3.8xlarge,1.6498,75887,1.3538666580341412
673,c3.8xlarge,0.4986,76437,1.0972866606238987
674,c3.8xlarge,0.4985,76737,0.917650662436729
675,c3.8xlarge,1.7268,77167,1.4840551987310187
676,c3.8xlarge,1.7288,77315,1.6553765596193055
677,c3.8xlarge,1.7268,77347,1.6768035917335138
678,c3.8xlarge,1.6499,77475,1.6687325142134595
679,c3.8xlarge,0.3985,77879,1.2876627599494217
680,c3.8xlarge,0.4986,78179,0.7353188279848266
681,c3.8xlarge,0.3997,78663,0.6346331795893786
682,c3.8xlarge,0.4,78725,0.4703899538768136
683,c3.8xlarge,0.4005,78785,0.4214669861630441
684,c3.8xlarge,1.7428,79028,1.3464000958489133
685,c3.8xlarge,1.7435,79070,1.624370028754674
686,c3.8xlarge,1.7441,79112,1.7081810086264022
687,c3.8xlarge,1.7455,79236,1.7343043025879206
688,c3.8xlarge,0.4999,79268,1.3639830118115444
689,c3.8xlarge,0.3993,79328,1.074578108268081
690,c3.8xlarge,0.3989,79387,0.8718746757876565
691,c3.8xlarge,0.4932,79387,0.606802402736297
692,c3.8xlarge,0.3986,79447,0.5443416819154079
693,c3.8xlarge,0.3931,79508,0.4989691773407855
694,c3.8xlarge,0.3932,79688,0.42493075320223567
695,c3.8xlarge,0.4931,79808,0.4726492259606707
696,c3.8xlarge,0.3933,80650,0.4488444581724695
697,c3.8xlarge,1.7256,80870,1.3425733374517408
698,c3.8xlarge,1.7252,80996,1.4573613362162186
699,c3.8xlarge,0.4931,81010,1.1680829353513529
700,c3.8xlarge,1.7256,82004,1.5583448806054059
701,c3.8xlarge,0.4998,82216,1.240781416423784
702,c3.8xlarge,0.5001,82278,0.7223044249271353
703,c3.8xlarge,0.4007,82340,0.6258230974489948
704,c3.8xlarge,1.7504,82459,1.4130269292346984
705,c3.8xlarge,1.7497,82500,1.514028850464289
706,c3.8xlarge,1.7435,82624,1.5828701953250022
707,c3.8xlarge,1.7448,82747,1.6962210585975006
708,c3.8xlarge,1.6499,82869,1.6823247410182502
709,c3.8xlarge,0.4996,82882,1.327507318712775
710,c3.8xlarge,1.7279,82951,1.6077821956138325
711,c3.8xlarge,0.3986,83002,1.2450275369296826
712,c3.8xlarge,0.4932,83002,0.7187482610789049
713,c3.8xlarge,0.4987,83062,0.5647144783236715
714,c3.8xlarge,0.3931,83182,0.51323013482657
715,c3.8xlarge,1.7275,83245,1.363219040447971
716,c3.8xlarge,0.4987,83302,1.1038633283135795
717,c3.8xlarge,1.7279,83326,1.540688998494074
718,c3.8xlarge,0.3932,83364,1.1964422989458516
719,c3.8xlarge,1.7265,83699,1.5674826896837553
720,c3.8xlarge,0.3933,83778,1.2152278827786287
721,c3.8xlarge,1.7261,83783,1.5728383648335886
722,c3.8xlarge,0.3987,84208,1.220596855383512
723,c3.8xlarge,0.4986,84268,0.7151990566150537
724,c3.8xlarge,1.7261,84695,1.422829716984516
725,c3.8xlarge,1.6498,84737,1.490920801889161
726,c3.8xlarge,1.7261,84821,1.6555462405667485
727,c3.8xlarge,0.3933,85476,1.2768723683967238
728,c3.8xlarge,0.3926,85680,1.0115906578777065
729,c3.8xlarge,0.3924,85682,0.8258334605143945
730,c3.8xlarge,1.6498,85704,1.402610038154318
731,c3.8xlarge,1.7379,85830,1.6373130114462953
732,c3.8xlarge,1.7428,85872,1.7111539034338885
733,c3.8xlarge,0.4994,85984,1.347627732403722
734,c3.8xlarge,0.4993,86044,1.0931294126826054
735,c3.8xlarge,0.4994,86164,0.6775188238047817
736,c3.8xlarge,0.399,86224,0.5939631766633472
0,c3.large,0.0224,39180,0.0224
1,c3.large,0.0223,39600,0.02237
2,c3.large,0.1223,44761,0.09232100000000001
0,i3.2xlarge,0.212,37,0.212
1,i3.2xlarge,0.1142,69,0.18266
2,i3.2xlarge,0.1151,101,0.135368
3,i3.2xlarge,0.1152,173,0.1212504
4,i3.2xlarge,0.2153,655,0.18708512
5,i3.2xlarge,0.2154,775,0.206905536
6,i3.2xlarge,0.2153,835,0.2094238752
7,i3.2xlarge,0.4504,2548,0.37810716256
8,i3.2xlarge,0.441,2574,0.39697501379199995
9,i3.2xlarge,0.2151,4516,0.34241250965439995
10,i3.2xlarge,0.2152,4816,0.25336375289632
11,i3.2xlarge,0.1139,5402,0.211524627027424
12,i3.2xlarge,0.4601,8536,0.3855273881082272
13,i3.2xlarge,0.4436,8700,0.40294917167575905
14,i3.2xlarge,0.441,8764,0.4143644201730313
15,i3.2xlarge,0.2154,9202,0.3546750941211219
16,i3.2xlarge,0.2154,11246,0.3128925658847853
17,i3.2xlarge,0.2153,13750,0.2836147961193497
18,i3.2xlarge,0.1154,14052,0.23315035728354477
19,i3.2xlarge,0.2142,15900,0.21988510718506343
20,i3.2xlarge,0.2131,16321,0.21784957502954438
21,i3.2xlarge,0.213,16623,0.21639470252068105
22,i3.2xlarge,0.1119,16746,0.1850462917644767
23,i3.2xlarge,0.1141,16931,0.13538388752934302
24,i3.2xlarge,0.2139,17461,0.1903451662588029
25,i3.2xlarge,0.1143,18605,0.16753161638116204
26,i3.2xlarge,0.1145,18785,0.13040948491434862
27,i3.2xlarge,0.2099,18907,0.1860528454743046
28,i3.2xlarge,0.2098,19087,0.1931769918320132
29,i3.2xlarge,0.2143,19147,0.20796309754960396
30,i3.2xlarge,0.1141,19221,0.17980416828472273
31,i3.2xlarge,0.2121,19221,0.2024112504854168
32,i3.2xlarge,0.2139,22655,0.21045337514562507
33,i3.2xlarge,0.211,23221,0.21061736260193753
34,i3.2xlarge,0.4445,25823,0.37433520878058124
35,i3.2xlarge,0.441,26047,0.3943346461464069
36,i3.2xlarge,0.2099,26057,0.33900425230248477
37,i3.2xlarge,0.1098,26239,0.27024297661173935
38,i3.2xlarge,0.2101,26377,0.2281428929835218
39,i3.2xlarge,0.1141,27531,0.19393002508846524
40,i3.2xlarge,0.1129,30133,0.16962101756192566
41,i3.2xlarge,0.2117,30422,0.1990763052685777
42,i3.2xlarge,0.1139,31572,0.1735234136880044
43,i3.2xlarge,0.2106,34621,0.19947702410640133
44,i3.2xlarge,0.1105,36195,0.17278391687448091
45,i3.2xlarge,0.1141,36555,0.13170517506234428
46,i3.2xlarge,0.2099,37145,0.18644155251870329
47,i3.2xlarge,0.1098,37385,0.16344908676309228
48,i3.2xlarge,0.1098,38649,0.14735436073416458
49,i3.2xlarge,0.2099,38831,0.19113630822024938
50,i3.2xlarge,0.2098,39501,0.19673541575417455
51,i3.2xlarge,0.2098,39741,0.20065479102792216
52,i3.2xlarge,0.441,39781,0.3688964373083766
53,i3.2xlarge,0.2122,40013,0.32188750611586364
54,i3.2xlarge,0.2145,40797,0.2467162518347591
55,i3.2xlarge,0.2168,40829,0.22577487555042772
56,i3.2xlarge,0.2156,40861,0.22272241288529937
57,i3.2xlarge,0.2139,40981,0.22007568901970956
58,i3.2xlarge,0.2112,41101,0.2174129823137967
59,i3.2xlarge,0.1098,41161,0.18512908761965766
60,i3.2xlarge,0.1143,42389,0.13554872628589731
61,i3.2xlarge,0.2099,42389,0.1875946178857692
62,i3.2xlarge,0.1141,42749,0.16554623252003842
63,i3.2xlarge,0.2098,42749,0.19652386975601152
64,i3.2xlarge,0.2099,43111,0.20588716092680348
65,i3.2xlarge,0.1143,43111,0.1784110126487624
66,i3.2xlarge,0.2141,43533,0.20339330379462872
67,i3.2xlarge,0.4445,43825,0.3721679911383886
68,i3.2xlarge,0.2099,45283,0.323487593796872
69,i3.2xlarge,0.2139,45404,0.2467762781390616
70,i3.2xlarge,0.2098,45463,0.23568339469734312
71,i3.2xlarge,0.1099,45524,0.19794837628814016
72,i3.2xlarge,0.1139,45946,0.13911451288644205
73,i3.2xlarge,0.2098,45946,0.1885943538659326
74,i3.2xlarge,0.1141,46128,0.1662460477061528
75,i3.2xlarge,0.2099,46190,0.19680381431184585
76,i3.2xlarge,0.2143,46252,0.20905114429355373
77,i3.2xlarge,0.2141,46372,0.2105658010054876
78,i3.2xlarge,0.2098,47162,0.2103360607038413
79,i3.2xlarge,0.2149,47462,0.2135308182111524
80,i3.2xlarge,0.1157,47490,0.18418157274780667
81,i3.2xlarge,0.2141,47702,0.20512447182434201
82,i3.2xlarge,0.2099,48184,0.2065571302770394
83,i3.2xlarge,0.2098,48368,0.20752999119392757
84,i3.2xlarge,0.1098,48734,0.1782109938357493
85,i3.2xlarge,0.2141,50842,0.2033332981507248
86,i3.2xlarge,0.2098,51448,0.20527330870550733
87,i3.2xlarge,0.1098,52468,0.17663131609385513
88,i3.2xlarge,0.1099,53010,0.12991939482815654
89,i3.2xlarge,0.1098,53190,0.12388357637970956
90,i3.2xlarge,0.2098,53760,0.18402507291391287
91,i3.2xlarge,0.1139,54994,0.162987551039739
92,i3.2xlarge,0.1139,55958,0.1482612857278173
93,i3.2xlarge,0.2141,56442,0.1943483857183452
94,i3.2xlarge,0.2139,56864,0.20021387000284163
95,i3.2xlarge,0.1141,57106,0.17437970900198912
96,i3.2xlarge,0.4445,58015,0.36346391270059675
97,i3.2xlarge,0.441,58083,0.3867247388904177
98,i3.2xlarge,0.2098,58495,0.3336473172232924
99,i3.2xlarge,0.2141,58555,0.24996419516698773
100,i3.2xlarge,0.1143,58795,0.20926493661689138
101,i3.2xlarge,0.1098,58977,0.17942545563182397
102,i3.2xlarge,0.1098,59397,0.15853781894227675
103,i3.2xlarge,0.2099,59701,0.19449134568268303
104,i3.2xlarge,0.2139,60661,0.20807740370480493
105,i3.2xlarge,0.1141,64103,0.17988418259336342
106,i3.2xlarge,0.2099,64103,0.20089525477800904
107,i3.2xlarge,0.1143,64223,0.17491667834460634
108,i3.2xlarge,0.1141,64523,0.1566716748412244
109,i3.2xlarge,0.2098,64523,0.19386150245236733
110,i3.2xlarge,0.1099,64943,0.1686730517166571
111,i3.2xlarge,0.1098,65125,0.15101113620165996
112,i3.2xlarge,0.1099,66681,0.122233340860498
113,i3.2xlarge,0.2098,66981,0.1835300022581494
114,i3.2xlarge,0.2143,67645,0.2050690006774448
115,i3.2xlarge,0.2143,67867,0.20783830047421137
116,i3.2xlarge,0.2098,68591,0.20842681033194793
117,i3.2xlarge,0.1103,71981,0.1789887672323635
118,i3.2xlarge,0.1101,72121,0.15832213706265447
119,i3.2xlarge,0.1141,73333,0.12736664111879634
120,i3.2xlarge,0.2143,73877,0.18821999233563888
121,i3.2xlarge,0.1098,74239,0.16469399463494722
122,i3.2xlarge,0.2099,74841,0.19633819839048416
123,i3.2xlarge,0.1141,75324,0.1716667388733389
124,i3.2xlarge,0.2139,77674,0.20123002166200168
125,i3.2xlarge,0.2141,83580,0.2102390064986005
0,i3.8xlarge,1.764,7152,1.764
1,i3.8xlarge,0.292,19624,1.3223999999999998
2,i3.8xlarge,1.764,75067,1.6315199999999999
3,i3.8xlarge,0.292,75068,1.2296639999999996
0,i3.large,0.1113,5240,0.1113
1,i3.large,0.1112,6287,0.11126999999999998
2,i3.large,0.1112,6829,0.11124899999999999
3,i3.large,0.1112,7011,0.11123429999999998
4,i3.large,0.1103,8947,0.11095400999999998
5,i3.large,0.1112,9491,0.11112620299999999
6,i3.large,0.1113,9613,0.1112478609
7,i3.large,0.1113,12211,0.11126350262999998
8,i3.large,0.1113,14203,0.11127445184099999
9,i3.large,0.1112,14385,0.11125211628869999
10,i3.large,0.1113,14687,0.11128563488661
11,i3.large,0.1112,15411,0.11125994442062698
12,i3.large,0.1113,18611,0.11128798332618808
13,i3.large,0.1113,20043,0.11129158832833164
14,i3.large,0.1222,21799,0.1189274764984995
15,i3.large,0.1112,22695,0.11660923354894964
16,i3.large,0.1113,23899,0.1128927700646849
17,i3.large,0.1112,25279,0.11238493904527941
18,i3.large,0.1112,26431,0.11202945733169559
19,i3.large,0.1113,27581,0.11151883719950867
20,i3.large,0.1113,29751,0.11145318603965607
21,i3.large,0.1112,29933,0.11137723022775922
22,i3.large,0.1112,31435,0.11132406115943144
23,i3.large,0.1113,34693,0.11130721834782943
24,i3.large,0.1113,36202,0.1113050528434806
25,i3.large,0.1112,36744,0.1112735369904364
26,i3.large,0.1112,37500,0.11125147589330547
27,i3.large,0.1112,39348,0.11123603312531383
28,i3.large,0.1112,40800,0.11122522318771966
29,i3.large,0.0223,41910,0.08454765623140376
30,i3.large,0.0222,42060,0.06584335936198263
31,i3.large,0.1113,42180,0.09766300780859478
32,i3.large,0.1113,43024,0.10175410546601635
33,i3.large,0.1115,43138,0.1085762316398049
34,i3.large,0.1112,44962,0.10936336214786341
35,i3.large,0.1113,46284,0.11071900864435902
36,i3.large,0.1223,47432,0.11882570259330771
37,i3.large,0.1222,47580,0.11983799181531539
38,i3.large,0.1112,47731,0.11724659427072076
39,i3.large,0.1113,48511,0.11308397828121622
40,i3.large,0.1112,48871,0.11251878479685135
41,i3.large,0.1112,54307,0.11212314935779594
42,i3.large,0.1113,55263,0.11154694480733879
43,i3.large,0.1113,55807,0.11147286136513715
44,i3.large,0.1112,55929,0.11139100295559598
45,i3.large,0.1112,57135,0.11133370206891718
46,i3.large,0.1113,57555,0.11131011062067515
47,i3.large,0.1104,58059,0.1110370774344726
48,i3.large,0.1103,58261,0.1108159542041308
49,i3.large,0.1112,59043,0.11108478626123924
50,i3.large,0.1113,59165,0.11123543587837177
51,i3.large,0.1113,59761,0.11125480511486024
52,i3.large,0.1112,60739,0.11123836358040215
53,i3.large,0.1115,60755,0.11142150907412064
54,i3.large,0.1115,60909,0.11144505635188445
55,i3.large,0.1104,61805,0.11113153944631911
56,i3.large,0.1112,64034,0.11117946183389574
57,i3.large,0.1113,64756,0.11126383855016872
58,i3.large,0.1112,67482,0.11124468698511808
59,i3.large,0.1113,70258,0.11128340609553541
60,i3.large,0.1112,71104,0.11125838426687479
61,i3.large,0.1113,71344,0.11128751528006244
62,i3.large,0.1113,72432,0.1112912606960437
63,i3.large,0.1112,72674,0.11126388248723057
64,i3.large,0.1112,73800,0.1112447177410614
65,i3.large,0.1115,74022,0.11142341532231842
66,i3.large,0.1112,74647,0.1113563907256229
67,i3.large,0.1113,75069,0.11131691721768687
68,i3.large,0.1112,76481,0.11128184205238079
69,i3.large,0.1115,77105,0.11143455261571424
70,i3.large,0.1112,78091,0.11136418683099997
71,i3.large,0.1112,78331,0.11131493078169996
72,i3.large,0.1113,78451,0.11130447923450998
73,i3.large,0.1113,78993,0.11130313546415699
74,i3.large,0.1113,80257,0.11130219482490988
75,i3.large,0.1112,80439,0.11127153637743692
76,i3.large,0.1112,81101,0.11125007546420584
77,i3.large,0.1112,81769,0.11123505282494409
78,i3.large,0.1113,84354,0.11128051584748322
79,i3.large,0.1113,85258,0.11128636109323825
80,i3.large,0.1112,85926,0.11126045276526678
